Bulbasaur,1,1
Ivysaur,2,1
Venusaur,3,7
Venusaur-Mega,3.001,0
Charmander,4,1
Charmeleon,5,1
Charizard,6,1
Charizard-Mega-X,6.001,0
Charizard-Mega-Y,6.002,0
Squirtle,7,1
Wartortle,8,1
Blastoise,9,8
Blastoise-Mega,9.001,0
Caterpie,10,0
Metapod,11,0
Butterfree,12,0
Weedle,13,0
Kakuna,14,0
Beedrill,15,0
Beedrill-Mega,15.001,0
Pidgey,16,0
Pidgeotto,17,0
Pidgeot,18,0
Pidgeot-Mega,18.001,0
Rattata,19,0
Rattata-Alola,19.001,0
Raticate,20,0
Raticate-Alola,20.001,0
Spearow,21,0
Fearow,22,0
Ekans,23,1
Arbok,24,2
Pikachu,25,1
Pikachu-Cosplay,25.001,0
Pikachu-Starter,25.002,0
Raichu,26,2
Raichu-Alola,26.001,2
Sandshrew,27,1
Sandshrew-Alola,27.001,1
Sandslash,28,1
Sandslash-Alola,28.001,2
Nidoran-F,29,0
Nidorina,30,0
Nidoqueen,31,0
Nidoran-M,32,0
Nidorino,33,0
Nidoking,34,0
Clefairy,35,1
Clefable,36,10
Vulpix,37,1
Vulpix-Alola,37.001,1
Ninetales,38,8
Ninetales-Alola,38.001,7
Jigglypuff,39,1
Wigglytuff,40,1
Zubat,41,0
Golbat,42,0
Oddish,43,1
Gloom,44,1
Vileplume,45,4
Paras,46,0
Parasect,47,0
Venonat,48,1
Venomoth,49,3
Diglett,50,1
Diglett-Alola,50.001,1
Dugtrio,51,6
Dugtrio-Alola,51.001,1
Meowth,52,1
Meowth-Alola,52.001,1
Meowth-Galar,52.002,1
Persian,53,1
Persian-Alola,53.001,3
Psyduck,54,1
Golduck,55,1
Mankey,56,1
Primeape,57,2
Growlithe,58,1
Growlithe-Hisui,58.001,1
Arcanine,59,5
Arcanine-Hisui,59.001,9
Poliwag,60,1
Poliwhirl,61,1
Poliwrath,62,2
Abra,63,0
Kadabra,64,0
Alakazam,65,0
Alakazam-Mega,65.001,0
Machop,66,0
Machoke,67,0
Machamp,68,0
Bellsprout,69,1
Weepinbell,70,1
Victreebel,71,2
Tentacool,72,1
Tentacruel,73,9
Geodude,74,1
Geodude-Alola,74.001,1
Graveler,75,1
Graveler-Alola,75.001,1
Golem,76,1
Golem-Alola,76.001,1
Ponyta,77,0
Ponyta-Galar,77.001,0
Rapidash,78,0
Rapidash-Galar,78.001,0
Slowpoke,79,1
Slowpoke-Galar,79.001,1
Slowbro,80,5
Slowbro-Galar,80.001,4
Slowbro-Mega,80.002,0
Magnemite,81,1
Magneton,82,2
Farfetchd,83,0
Farfetchd-Galar,83.001,0
Doduo,84,1
Dodrio,85,1
Seel,86,1
Dewgong,87,1
Grimer,88,1
Grimer-Alola,88.001,1
Muk,89,5
Muk-Alola,89.001,5
Shellder,90,1
Cloyster,91,5
Gastly,92,1
Haunter,93,1
Gengar,94,8
Gengar-Mega,94.001,0
Onix,95,0
Drowzee,96,1
Hypno,97,1
Krabby,98,0
Kingler,99,0
Voltorb,100,1
Voltorb-Hisui,100.001,1
Electrode,101,1
Electrode-Hisui,101.001,4
Exeggcute,102,1
Exeggutor,103,1
Exeggutor-Alola,103.001,1
Cubone,104,0
Marowak,105,0
Marowak-Alola,105.001,0
Hitmonlee,106,2
Hitmonchan,107,2
Lickitung,108,0
Koffing,109,1
Weezing,110,4
Weezing-Galar,110.001,8
Rhyhorn,111,1
Rhydon,112,2
Chansey,113,3
Tangela,114,0
Kangaskhan,115,0
Kangaskhan-Mega,115.001,0
Horsea,116,0
Seadra,117,0
Goldeen,118,0
Seaking,119,0
Staryu,120,0
Starmie,121,0
Mr-Mime,122,0
Mr-Mime-Galar,122.001,0
Scyther,123,3
Jynx,124,0
Electabuzz,125,1
Magmar,126,1
Pinsir,127,0
Pinsir-Mega,127.001,0
Tauros,128,3
Tauros-Paldea-Combat,128.001,1
Tauros-Paldea-Blaze,128.002,5
Tauros-Paldea-Aqua,128.003,5
Magikarp,129,1
Gyarados,130,6
Gyarados-Mega,130.001,0
Lapras,131,2
Ditto,132,3
Eevee,133,1
Eevee-Starter,133.001,0
Vaporeon,134,5
Jolteon,135,2
Flareon,136,1
Porygon,137,1
Omanyte,138,0
Omastar,139,0
Kabuto,140,0
Kabutops,141,0
Aerodactyl,142,0
Aerodactyl-Mega,142.001,0
Snorlax,143,5
Articuno,144,2
Articuno-Galar,144.001,2
Zapdos,145,15
Zapdos-Galar,145.001,10
Moltres,146,8
Moltres-Galar,146.001,8
Dratini,147,1
Dragonair,148,1
Dragonite,149,15
Mewtwo,150,99
Mewtwo-Mega-X,150.001,0
Mewtwo-Mega-Y,150.002,0
Mew,151,11
Chikorita,152,1
Bayleef,153,1
Meganium,154,2
Cyndaquil,155,1
Quilava,156,1
Typhlosion,157,2
Typhlosion-Hisui,157.001,3
Totodile,158,1
Croconaw,159,1
Feraligatr,160,4
Sentret,161,1
Furret,162,1
Hoothoot,163,1
Noctowl,164,1
Ledyba,165,0
Ledian,166,0
Spinarak,167,1
Ariados,168,1
Crobat,169,0
Chinchou,170,1
Lanturn,171,3
Pichu,172,1
Pichu-Spiky-Eared,172.001,0
Cleffa,173,1
Igglybuff,174,1
Togepi,175,0
Togetic,176,0
Natu,177,0
Xatu,178,0
Mareep,179,1
Flaaffy,180,1
Ampharos,181,1
Ampharos-Mega,181.001,0
Bellossom,182,1
Marill,183,1
Azumarill,184,9
Sudowoodo,185,1
Politoed,186,4
Hoppip,187,1
Skiploom,188,1
Jumpluff,189,1
Aipom,190,1
Sunkern,191,1
Sunflora,192,1
Yanma,193,1
Wooper,194,1
Wooper-Paldea,194.001,1
Quagsire,195,4
Espeon,196,3
Umbreon,197,3
Murkrow,198,1
Slowking,199,8
Slowking-Galar,199.001,13
Misdreavus,200,2
Unown,201,0
Wobbuffet,202,0
Girafarig,203,1
Pineco,204,1
Forretress,205,5
Dunsparce,206,2
Gligar,207,2
Steelix,208,0
Steelix-Mega,208.001,0
Snubbull,209,1
Granbull,210,3
Qwilfish,211,7
Qwilfish-Hisui,211.001,6
Scizor,212,10
Scizor-Mega,212.001,0
Shuckle,213,0
Heracross,214,5
Heracross-Mega,214.001,0
Sneasel,215,1
Sneasel-Hisui,215.001,1
Teddiursa,216,1
Ursaring,217,4
Slugma,218,1
Magcargo,219,1
Swinub,220,1
Piloswine,221,2
Corsola,222,0
Corsola-Galar,222.001,0
Remoraid,223,0
Octillery,224,0
Delibird,225,1
Mantine,226,0
Skarmory,227,8
Houndour,228,1
Houndoom,229,1
Houndoom-Mega,229.001,0
Kingdra,230,4
Phanpy,231,1
Donphan,232,8
Porygon2,233,4
Stantler,234,1
Smeargle,235,2
Tyrogue,236,1
Hitmontop,237,3
Smoochum,238,0
Elekid,239,0
Magby,240,0
Miltank,241,0
Blissey,242,3
Raikou,243,7
Entei,244,5
Suicune,245,5
Larvitar,246,1
Pupitar,247,1
Tyranitar,248,8
Tyranitar-Mega,248.001,0
Lugia,249,99
Ho-Oh,250,99
Celebi,251,0
Treecko,252,1
Grovyle,253,1
Sceptile,254,1
Sceptile-Mega,254.001,0
Torchic,255,1
Combusken,256,1
Blaziken,257,11
Blaziken-Mega,257.001,0
Mudkip,258,1
Marshtomp,259,1
Swampert,260,9
Swampert-Mega,260.001,0
Poochyena,261,1
Mightyena,262,1
Zigzagoon,263,0
Zigzagoon-Galar,263.001,0
Linoone,264,0
Linoone-Galar,264.001,0
Wurmple,265,0
Silcoon,266,0
Beautifly,267,0
Cascoon,268,0
Dustox,269,0
Lotad,270,1
Lombre,271,1
Ludicolo,272,1
Seedot,273,1
Nuzleaf,274,1
Shiftry,275,1
Taillow,276,0
Swellow,277,0
Wingull,278,1
Pelipper,279,7
Ralts,280,1
Kirlia,281,1
Gardevoir,282,7
Gardevoir-Mega,282.001,0
Surskit,283,1
Masquerain,284,2
Shroomish,285,1
Breloom,286,4
Slakoth,287,1
Vigoroth,288,1
Slaking,289,1
Nincada,290,0
Ninjask,291,0
Shedinja,292,0
Whismur,293,0
Loudred,294,0
Exploud,295,0
Makuhita,296,1
Hariyama,297,4
Azurill,298,1
Nosepass,299,1
Skitty,300,0
Delcatty,301,0
Sableye,302,5
Sableye-Mega,302.001,0
Mawile,303,0
Mawile-Mega,303.001,0
Aron,304,0
Lairon,305,0
Aggron,306,0
Aggron-Mega,306.001,0
Meditite,307,1
Medicham,308,2
Medicham-Mega,308.001,0
Electrike,309,0
Manectric,310,0
Manectric-Mega,310.001,0
Plusle,311,1
Minun,312,1
Volbeat,313,2
Illumise,314,2
Roselia,315,0
Gulpin,316,1
Swalot,317,2
Carvanha,318,0
Sharpedo,319,0
Sharpedo-Mega,319.001,0
Wailmer,320,0
Wailord,321,0
Numel,322,1
Camerupt,323,1
Camerupt-Mega,323.001,0
Torkoal,324,8
Spoink,325,1
Grumpig,326,1
Spinda,327,0
Trapinch,328,1
Vibrava,329,1
Flygon,330,3
Cacnea,331,1
Cacturne,332,1
Swablu,333,1
Altaria,334,2
Altaria-Mega,334.001,0
Zangoose,335,1
Seviper,336,1
Lunatone,337,0
Solrock,338,0
Barboach,339,1
Whiscash,340,1
Corphish,341,1
Crawdaunt,342,2
Baltoy,343,0
Claydol,344,0
Lileep,345,0
Cradily,346,0
Anorith,347,0
Armaldo,348,0
Feebas,349,1
Milotic,350,6
Castform,351,0
Castform-Sunny,351.001,0
Castform-Rainy,351.002,0
Castform-Snowy,351.003,0
Kecleon,352,0
Shuppet,353,1
Banette,354,1
Banette-Mega,354.001,0
Duskull,355,1
Dusclops,356,1
Tropius,357,1
Chimecho,358,1
Absol,359,0
Absol-Mega,359.001,0
Wynaut,360,0
Snorunt,361,1
Glalie,362,1
Glalie-Mega,362.001,0
Spheal,363,0
Sealeo,364,0
Walrein,365,0
Clamperl,366,0
Huntail,367,0
Gorebyss,368,0
Relicanth,369,0
Luvdisc,370,1
Bagon,371,1
Shelgon,372,1
Salamence,373,9
Salamence-Mega,373.001,0
Beldum,374,1
Metang,375,1
Metagross,376,12
Metagross-Mega,376.001,0
Regirock,377,3
Regice,378,2
Registeel,379,3
Latias,380,13
Latias-Mega,380.001,0
Latios,381,14
Latios-Mega,381.001,0
Kyogre,382,99
Kyogre-Primal,382.001,0
Groudon,383,99
Groudon-Primal,383.001,0
Rayquaza,384,99
Rayquaza-Mega,384.001,0
Jirachi,385,14
Deoxys,386,99
Deoxys-Attack,386.001,99
Deoxys-Defense,386.002,8
Deoxys-Speed,386.003,17
Turtwig,387,1
Grotle,388,1
Torterra,389,3
Chimchar,390,1
Monferno,391,1
Infernape,392,8
Piplup,393,1
Prinplup,394,1
Empoleon,395,8
Starly,396,1
Staravia,397,1
Staraptor,398,3
Bidoof,399,0
Bibarel,400,0
Kricketot,401,1
Kricketune,402,1
Shinx,403,1
Luxio,404,1
Luxray,405,1
Budew,406,0
Roserade,407,0
Cranidos,408,1
Rampardos,409,1
Shieldon,410,1
Bastiodon,411,1
Burmy,412,0
Wormadam,413,0
Wormadam-Sandy,413.001,0
Wormadam-Trash,413.002,0
Mothim,414,0
Combee,415,1
Vespiquen,416,1
Pachirisu,417,1
Buizel,418,1
Floatzel,419,1
Cherubi,420,0
Cherrim,421,0
Cherrim-Sunshine,421.001,0
Shellos,422,1
Gastrodon,423,4
Ambipom,424,2
Drifloon,425,1
Drifblim,426,4
Buneary,427,0
Lopunny,428,0
Lopunny-Mega,428.001,0
Mismagius,429,6
Honchkrow,430,1
Glameow,431,0
Purugly,432,0
Chingling,433,1
Stunky,434,1
Skuntank,435,3
Bronzor,436,1
Bronzong,437,6
Bonsly,438,1
Mime-Jr,439,0
Happiny,440,1
Chatot,441,0
Spiritomb,442,3
Gible,443,1
Gabite,444,1
Garchomp,445,17
Garchomp-Mega,445.001,0
Munchlax,446,1
Riolu,447,1
Lucario,448,4
Lucario-Mega,448.001,0
Hippopotas,449,1
Hippowdon,450,5
Skorupi,451,0
Drapion,452,0
Croagunk,453,1
Toxicroak,454,1
Carnivine,455,0
Finneon,456,1
Lumineon,457,1
Mantyke,458,0
Snover,459,1
Abomasnow,460,5
Abomasnow-Mega,460.001,0
Weavile,461,12
Magnezone,462,4
Lickilicky,463,0
Rhyperior,464,6
Tangrowth,465,0
Electivire,466,1
Magmortar,467,1
Togekiss,468,0
Yanmega,469,2
Leafeon,470,1
Glaceon,471,1
Gliscor,472,12
Mamoswine,473,7
Porygon-Z,474,5
Gallade,475,4
Gallade-Mega,475.001,0
Probopass,476,1
Dusknoir,477,3
Froslass,478,3
Rotom,479,6
Rotom-Heat,479.001,6
Rotom-Wash,479.002,13
Rotom-Frost,479.003,3
Rotom-Fan,479.004,4
Rotom-Mow,479.005,5
Uxie,480,10
Mesprit,481,10
Azelf,482,8
Dialga,483,99
Dialga-Origin,483.001,0
Palkia,484,99
Palkia-Origin,484.001,0
Heatran,485,10
Regigigas,486,1
Giratina,487,99
Giratina-Origin,487.001,0
Cresselia,488,8
Phione,489,1
Manaphy,490,8
Darkrai,491,18
Shaymin,492,7
Shaymin-Sky,492.001,99
Arceus,493,99
Arceus-Bug,493.001,0
Arceus-Dark,493.002,0
Arceus-Dragon,493.003,0
Arceus-Electric,493.004,0
Arceus-Fighting,493.006,0
Arceus-Fire,493.007,0
Arceus-Flying,493.008,0
Arceus-Ghost,493.009,0
Arceus-Grass,493.01,0
Arceus-Ground,493.011,0
Arceus-Ice,493.012,0
Arceus-Poison,493.013,0
Arceus-Psychic,493.014,0
Arceus-Rock,493.015,0
Arceus-Steel,493.016,0
Arceus-Water,493.017,0
Arceus-Fairy,493.005,0
Victini,494,0
Snivy,495,1
Servine,496,1
Serperior,497,6
Tepig,498,1
Pignite,499,1
Emboar,500,3
Oshawott,501,1
Dewott,502,1
Samurott,503,1
Samurott-Hisui,503.001,13
Patrat,504,0
Watchog,505,0
Lillipup,506,0
Herdier,507,0
Stoutland,508,0
Purrloin,509,0
Liepard,510,0
Pansage,511,0
Simisage,512,0
Pansear,513,0
Simisear,514,0
Panpour,515,0
Simipour,516,0
Munna,517,0
Musharna,518,0
Pidove,519,0
Tranquill,520,0
Unfezant,521,0
Blitzle,522,1
Zebstrika,523,1
Roggenrola,524,0
Boldore,525,0
Gigalith,526,0
Woobat,527,0
Swoobat,528,0
Drilbur,529,1
Excadrill,530,9
Audino,531,0
Audino-Mega,531.001,0
Timburr,532,1
Gurdurr,533,2
Conkeldurr,534,8
Tympole,535,0
Palpitoad,536,0
Seismitoad,537,0
Throh,538,0
Sawk,539,0
Sewaddle,540,1
Swadloon,541,1
Leavanny,542,2
Venipede,543,0
Whirlipede,544,0
Scolipede,545,0
Cottonee,546,1
Whimsicott,547,7
Petilil,548,1
Lilligant,549,1
Lilligant-Hisui,549.001,9
Basculin,550,1
Basculin-Blue-Striped,550.001,0
Basculin-White-Striped,550.002,0
Sandile,551,1
Krokorok,552,1
Krookodile,553,10
Darumaka,554,0
Darumaka-Galar,554.001,0
Darmanitan,555,0
Darmanitan-Zen,555.001,0
Darmanitan-Galar,555.002,0
Darmanitan-Galar-Zen,555.003,0
Maractus,556,0
Dwebble,557,0
Crustle,558,0
Scraggy,559,1
Scrafty,560,5
Sigilyph,561,0
Yamask,562,0
Yamask-Galar,562.001,0
Cofagrigus,563,0
Tirtouga,564,0
Carracosta,565,0
Archen,566,0
Archeops,567,0
Trubbish,568,0
Garbodor,569,0
Zorua,570,1
Zorua-Hisui,570.001,1
Zoroark,571,3
Zoroark-Hisui,571.001,7
Minccino,572,1
Cinccino,573,3
Gothita,574,1
Gothorita,575,2
Gothitelle,576,9
Solosis,577,1
Duosion,578,1
Reuniclus,579,6
Ducklett,580,1
Swanna,581,1
Vanillite,582,0
Vanillish,583,0
Vanilluxe,584,0
Deerling,585,1
Sawsbuck,586,1
Emolga,587,0
Karrablast,588,0
Escavalier,589,0
Foongus,590,1
Amoonguss,591,5
Frillish,592,0
Jellicent,593,0
Alomomola,594,10
Joltik,595,1
Galvantula,596,4
Ferroseed,597,0
Ferrothorn,598,0
Klink,599,0
Klang,600,0
Klinklang,601,0
Tynamo,602,1
Eelektrik,603,1
Eelektross,604,5
Elgyem,605,0
Beheeyem,606,0
Litwick,607,1
Lampent,608,1
Chandelure,609,4
Axew,610,1
Fraxure,611,1
Haxorus,612,5
Cubchoo,613,1
Beartic,614,1
Cryogonal,615,3
Shelmet,616,0
Accelgor,617,0
Stunfisk,618,0
Stunfisk-Galar,618.001,0
Mienfoo,619,1
Mienshao,620,7
Druddigon,621,0
Golett,622,1
Golurk,623,3
Pawniard,624,1
Bisharp,625,3
Bouffalant,626,0
Rufflet,627,1
Braviary,628,5
Braviary-Hisui,628.001,4
Vullaby,629,1
Mandibuzz,630,9
Heatmor,631,0
Durant,632,0
Deino,633,1
Zweilous,634,1
Hydreigon,635,10
Larvesta,636,1
Volcarona,637,9
Cobalion,638,10
Terrakion,639,8
Virizion,640,1
Tornadus,641,4
Tornadus-Therian,641.001,15
Thundurus,642,10
Thundurus-Therian,642.001,11
Reshiram,643,99
Zekrom,644,99
Landorus,645,14
Landorus-Therian,645.001,16
Kyurem,646,14
Kyurem-Black,646.001,99
Kyurem-White,646.002,99
Keldeo,647,13
Keldeo-Resolute,647.001,0
Meloetta,648,5
Meloetta-Pirouette,648.001,0
Genesect,649,0
Genesect-Douse,649.001,0
Genesect-Shock,649.002,0
Genesect-Burn,649.003,0
Genesect-Chill,649.004,0
Chespin,650,1
Quilladin,651,1
Chesnaught,652,4
Fennekin,653,1
Braixen,654,1
Delphox,655,5
Froakie,656,1
Frogadier,657,1
Greninja,658,17
Greninja-Ash,658.001,0
Bunnelby,659,0
Diggersby,660,0
Fletchling,661,1
Fletchinder,662,1
Talonflame,663,8
Scatterbug,664,1
Spewpa,665,1
Vivillon,666,1
Vivillon-Fancy,666.001,0
Vivillon-Pokeball,666.002,0
Litleo,667,1
Pyroar,668,1
Flabebe,669,1
Floette,670,1
Floette-Eternal,670.001,0
Florges,671,4
Skiddo,672,1
Gogoat,673,1
Pancham,674,0
Pangoro,675,0
Furfrou,676,0
Espurr,677,1
Meowstic,678,1
Meowstic-M,678.001,0
Meowstic-F,678.002,0
Honedge,679,0
Doublade,680,0
Aegislash,681,0
Aegislash-Blade,681.001,0
Spritzee,682,0
Aromatisse,683,0
Swirlix,684,0
Slurpuff,685,0
Inkay,686,1
Malamar,687,1
Binacle,688,0
Barbaracle,689,0
Skrelp,690,1
Dragalge,691,6
Clauncher,692,1
Clawitzer,693,1
Helioptile,694,0
Heliolisk,695,0
Tyrunt,696,0
Tyrantrum,697,0
Amaura,698,0
Aurorus,699,0
Sylveon,700,6
Hawlucha,701,8
Dedenne,702,1
Carbink,703,2
Goomy,704,1
Sliggoo,705,1
Sliggoo-Hisui,705.001,1
Goodra,706,6
Goodra-Hisui,706.001,7
Klefki,707,9
Phantump,708,1
Trevenant,709,2
Pumpkaboo,710,0
Pumpkaboo-Small,710.001,0
Pumpkaboo-Large,710.002,0
Pumpkaboo-Super,710.003,0
Gourgeist,711,0
Gourgeist-Small,711.001,0
Gourgeist-Large,711.002,0
Gourgeist-Super,711.003,0
Bergmite,712,1
Avalugg,713,2
Avalugg-Hisui,713.001,1
Noibat,714,1
Noivern,715,6
Xerneas,716,0
Yveltal,717,0
Zygarde,718,0
Zygarde-10,718.001,0
Zygarde-Complete,718.002,0
Diancie,719,8
Diancie-Mega,719.001,0
Hoopa,720,2
Hoopa-Unbound,720.001,8
Volcanion,721,7
Rowlet,722,1
Dartrix,723,1
Decidueye,724,4
Decidueye-Hisui,724.001,2
Litten,725,1
Torracat,726,1
Incineroar,727,4
Popplio,728,1
Brionne,729,1
Primarina,730,11
Pikipek,731,1
Trumbeak,732,1
Toucannon,733,1
Yungoos,734,1
Gumshoos,735,1
Grubbin,736,1
Charjabug,737,1
Vikavolt,738,3
Crabrawler,739,1
Crabominable,740,1
Oricorio,741,3
Oricorio-Pom-Pom,741.001,0
Oricorio-Pau,741.002,0
Oricorio-Sensu,741.003,0
Cutiefly,742,1
Ribombee,743,5
Rockruff,744,1
Lycanroc,745,3
Lycanroc-Midnight,745.001,1
Lycanroc-Dusk,745.002,8
Wishiwashi,746,0
Wishiwashi-School,746.001,0
Mareanie,747,1
Toxapex,748,8
Mudbray,749,1
Mudsdale,750,4
Dewpider,751,1
Araquanid,752,6
Fomantis,753,1
Lurantis,754,1
Morelull,755,0
Shiinotic,756,0
Salandit,757,1
Salazzle,758,6
Stufful,759,0
Bewear,760,0
Bounsweet,761,1
Steenee,762,1
Tsareena,763,5
Comfey,764,6
Oranguru,765,1
Passimian,766,2
Wimpod,767,0
Golisopod,768,0
Sandygast,769,1
Palossand,770,2
Pyukumuku,771,0
Type-Null,772,0
Silvally,773,0
Silvally-Fighting,773.006,0
Silvally-Water,773.017,0
Silvally-Poison,773.013,0
Silvally-Ground,773.011,0
Silvally-Rock,773.015,0
Silvally-Bug,773.001,0
Silvally-Ghost,773.009,0
Silvally-Flying,773.008,0
Silvally-Fire,773.007,0
Silvally-Ice,773.012,0
Silvally-Grass,773.01,0
Silvally-Electric,773.004,0
Silvally-Psychic,773.014,0
Silvally-Steel,773.016,0
Silvally-Dragon,773.003,0
Silvally-Dark,773.002,0
Silvally-Fairy,773.005,0
Minior,774,2
Minior-Red,774.001,0
Komala,775,1
Turtonator,776,0
Togedemaru,777,0
Mimikyu,778,7
Bruxish,779,1
Drampa,780,0
Dhelmise,781,0
Jangmo-o,782,1
Hakamo-o,783,1
Kommo-o,784,9
Tapu Koko,785,0
Tapu Lele,786,0
Tapu Bulu,787,0
Tapu Fini,788,0
Cosmog,789,1
Cosmoem,790,1
Solgaleo,791,99
Lunala,792,99
Nihilego,793,0
Buzzwole,794,0
Pheromosa,795,0
Xurkitree,796,0
Celesteela,797,0
Kartana,798,0
Guzzlord,799,0
Necrozma,800,10
Necrozma-Ultra,800.003,0
Necrozma-Dusk-Mane,800.001,99
Necrozma-Dawn-Wings,800.002,99
Magearna,801,99
Magearna-Original,801.001,0
Marshadow,802,0
Poipole,803,0
Naganadel,804,0
Stakataka,805,0
Blacephalon,806,0
Zeraora,807,0
Meltan,808,0
Melmetal,809,0
Grookey,810,1
Thwackey,811,2
Rillaboom,812,10
Scorbunny,813,1
Raboot,814,1
Cinderace,815,15
Sobble,816,1
Drizzile,817,1
Inteleon,818,4
Skwovet,819,1
Greedent,820,1
Rookidee,821,1
Corvisquire,822,1
Corviknight,823,11
Blipbug,824,0
Dottler,825,0
Orbeetle,826,0
Nickit,827,0
Thievul,828,0
Gossifleur,829,0
Eldegoss,830,0
Wooloo,831,0
Dubwool,832,0
Chewtle,833,1
Drednaw,834,1
Yamper,835,0
Boltund,836,0
Rolycoly,837,1
Carkol,838,1
Coalossal,839,2
Applin,840,1
Flapple,841,1
Appletun,842,1
Silicobra,843,1
Sandaconda,844,1
Cramorant,845,1
Arrokuda,846,1
Barraskewda,847,6
Toxel,848,1
Toxtricity,849,5
Toxtricity-Low-Key,849.001,0
Sizzlipede,850,0
Centiskorch,851,0
Clobbopus,852,0
Grapploct,853,0
Sinistea,854,1
Polteageist,855,3
Hatenna,856,1
Hattrem,857,1
Hatterene,858,9
Impidimp,859,1
Morgrem,860,1
Grimmsnarl,861,7
Obstagoon,862,0
Perrserker,863,1
Cursola,864,0
Sirfetchd,865,0
Mr-Rime,866,0
Runerigus,867,0
Milcery,868,1
Alcremie,869,1
Falinks,870,1
Pincurchin,871,2
Snom,872,1
Frosmoth,873,1
Stonjourner,874,1
Eiscue,875,1
Eiscue-Noice,875.001,0
Indeedee,876,3
Indeedee-M,876.001,0
Indeedee-F,876.002,0
Morpeko,877,1
Morpeko-Hangry,877.001,0
Cufant,878,1
Copperajah,879,2
Dracozolt,880,0
Arctozolt,881,0
Dracovish,882,0
Arctovish,883,0
Duraludon,884,3
Dreepy,885,1
Drakloak,886,1
Dragapult,887,99
Zacian,888,99
Zacian-Crowned,888.001,0
Zamazenta,889,99
Zamazenta-Crowned,889.001,0
Eternatus,890,99
Eternatus-Eternamax,890.001,0
Kubfu,891,1
Urshifu,892,12
Urshifu-Rapid-Strike,892.001,13
Zarude,893,11
Zarude-Dada,893.001,0
Regieleki,894,5
Regidrago,895,4
Glastrier,896,3
Spectrier,897,99
Calyrex,898,1
Calyrex-Ice,898.001,99
Calyrex-Shadow,898.002,99
Wyrdeer,899,1
Kleavor,900,5
Ursaluna,901,10
Ursaluna-Bloodmoon,901.001,11
Basculegion,902,8
Basculegion-F,902.001,0
Sneasler,903,14
Overqwil,904,9
Enamorus,905,12
Enamorus-Therian,905.001,8
Sprigatito,906,1
Floragato,907,1
Meowscarada,908,20
Fuecoco,909,1
Crocalor,910,1
Skeledirge,911,7
Quaxly,912,1
Quaxwell,913,1
Quaquaval,914,12
Lechonk,915,1
Oinkologne,916,1
Oinkologne-F,916.001,0
Tarountula,917,1
Spidops,918,1
Nymble,919,1
Lokix,920,5
Pawmi,921,1
Pawmo,922,1
Pawmot,923,5
Tandemaus,924,1
Maushold,925,4
Fidough,926,1
Dachsbun,927,2
Smoliv,928,1
Dolliv,929,1
Arboliva,930,3
Squawkabilly,931,1
Nacli,932,1
Naclstack,933,1
Garganacl,934,5
Charcadet,935,1
Armarouge,936,5
Ceruledge,937,10
Tadbulb,938,1
Bellibolt,939,7
Wattrel,940,1
Kilowattrel,941,5
Maschiff,942,1
Mabosstiff,943,1
Shroodle,944,1
Grafaiai,945,2
Bramblin,946,1
Brambleghast,947,5
Toedscool,948,1
Toedscruel,949,2
Klawf,950,1
Capsakid,951,1
Scovillain,952,1
Rellor,953,1
Rabsca,954,1
Flittle,955,1
Espathra,956,7
Tinkatink,957,1
Tinkatuff,958,1
Tinkaton,959,10
Wiglett,960,1
Wugtrio,961,1
Bombirdier,962,2
Finizen,963,1
Palafin,964,15
Palafin-Hero,964.001,0
Varoom,965,1
Revavroom,966,6
Cyclizar,967,10
Orthworm,968,2
Glimmet,969,1
Glimmora,970,12
Greavard,971,1
Houndstone,972,3
Flamigo,973,2
Cetoddle,974,1
Cetitan,975,5
Veluza,976,1
Dondozo,977,5
Tatsugiri,978,3
Annihilape,979,12
Clodsire,980,8
Farigiraf,981,2
Dudunsparce,982,6
Kingambit,983,10
Great Tusk,984,19
Scream Tail,985,10
Brute Bonnet,986,3
Flutter Mane,987,99
Slither Wing,988,7
Sandy Shocks,989,6
Iron Treads,990,16
Iron Bundle,991,14
Iron Hands,992,12
Iron Jugulis,993,7
Iron Moth,994,12
Iron Thorns,995,3
Frigibax,996,1
Arctibax,997,1
Baxcalibur,998,14
Gimmighoul,999,1
Gholdengo,1000,14
Wo-Chien,1001,4
Chien-Pao,1002,99
Ting-Lu,1003,16
Chi-Yu,1004,15
Roaring Moon,1005,17
Iron Valiant,1006,20
Koraidon,1007,99
Miraidon,1008,99
Walking Wake,1009,13
Iron Leaves,1010,3
Dipplin,1011,1
Poltchageist,1012,1
Sinistcha,1013,9
Okidogi,1014,7
Munkidori,1015,4
Fezandipiti,1016,8
Ogerpon,1017,8
Ogerpon-Wellspring,1017.001,12
Ogerpon-Hearthflame,1017.002,10
Ogerpon-Cornerstone,1017.003,12
Archaludon,1018,10
Hydrapple,1019,8
Gouging Fire,1020,16
Raging Bolt,1021,13
Iron Boulder,1022,9
Iron Crown,1023,12
Terapagos,1024,18
Terapagos-Terastal,1024.001,0
Terapagos-Stellar,1024.002,99
Pecharunt,1025,14